{"0": {"precision": 0.5917599830974012, "recall": 0.9518113233195133, "f1-score": 0.729793110636302, "support": 14713}, "1": {"precision": 1.0, "recall": 0.7217363370707343, "f1-score": 0.8383819537649487, "support": 96502}, "2": {"precision": 0.6041126343090033, "recall": 0.9967766137771973, "f1-score": 0.752288575473182, "support": 35987}, "3": {"precision": 0.9653382922135489, "recall": 1.0, "f1-score": 0.9823634903345766, "support": 178576}, "4": {"precision": 0.9281347577972652, "recall": 0.808125, "f1-score": 0.8639823595249099, "support": 96000}, "5": {"precision": 0.9491425192193969, "recall": 0.9994810586403736, "f1-score": 0.9736615944593296, "support": 9635}, "accuracy": 0.8931348846696785, "macro avg": {"precision": 0.8397480311061026, "recall": 0.9129883888013031, "f1-score": 0.856745180698875, "support": 431413}, "weighted avg": {"precision": 0.9215784915932836, "recall": 0.8931348846696785, "f1-score": 0.8958136841763339, "support": 431413}}