{"0": {"precision": 1.0, "recall": 1.0, "f1-score": 1.0, "support": 16}, "1": {"precision": 1.0, "recall": 0.9230769230769231, "f1-score": 0.9600000000000001, "support": 13}, "2": {"precision": 0.9333333333333333, "recall": 1.0, "f1-score": 0.9655172413793104, "support": 14}, "3": {"precision": 1.0, "recall": 1.0, "f1-score": 1.0, "support": 15}, "4": {"precision": 1.0, "recall": 1.0, "f1-score": 1.0, "support": 15}, "5": {"precision": 1.0, "recall": 1.0, "f1-score": 1.0, "support": 15}, "accuracy": 0.9886363636363636, "macro avg": {"precision": 0.9888888888888889, "recall": 0.9871794871794872, "f1-score": 0.9875862068965517, "support": 88}, "weighted avg": {"precision": 0.9893939393939394, "recall": 0.9886363636363636, "f1-score": 0.9886050156739811, "support": 88}}