{"0": {"precision": 0.9980813507290868, "recall": 0.9990397541770694, "f1-score": 0.9985603224877627, "support": 5207}, "1": {"precision": 0.9994282447112636, "recall": 0.989247311827957, "f1-score": 0.9943117178612059, "support": 1767}, "2": {"precision": 0.9991805110631007, "recall": 0.9997018485390579, "f1-score": 0.9994411118148963, "support": 13416}, "3": {"precision": 0.9990393852065321, "recall": 1.0, "f1-score": 0.9995194617972128, "support": 11440}, "4": {"precision": 0.9990989742168007, "recall": 0.9995146304257384, "f1-score": 0.9993067590987869, "support": 14422}, "5": {"precision": 1.0, "recall": 0.9719387755102041, "f1-score": 0.9857697283311772, "support": 392}, "accuracy": 0.9990138067061144, "macro avg": {"precision": 0.999138077654464, "recall": 0.9932403867466713, "f1-score": 0.9961515168985069, "support": 46644}, "weighted avg": {"precision": 0.999014257160431, "recall": 0.9990138067061144, "f1-score": 0.9990112515425739, "support": 46644}}