{"0": {"precision": 0.9988329443147715, "recall": 0.9968386023294509, "f1-score": 0.9978347768154563, "support": 6010}, "1": {"precision": 0.9991177767975298, "recall": 0.9834997828918801, "f1-score": 0.9912472647702407, "support": 2303}, "2": {"precision": 0.9923771462403789, "recall": 1.0, "f1-score": 0.9961739905649865, "support": 13409}, "3": {"precision": 0.9988871578010238, "recall": 0.9844264093002851, "f1-score": 0.9916040653999115, "support": 9118}, "4": {"precision": 0.9909543193125283, "recall": 1.0, "f1-score": 0.9954566106315311, "support": 10955}, "5": {"precision": 1.0, "recall": 0.9272151898734177, "f1-score": 0.9622331691297208, "support": 316}, "accuracy": 0.9947282182802594, "macro avg": {"precision": 0.9966948907443719, "recall": 0.981996664065839, "f1-score": 0.9890916462186411, "support": 42111}, "weighted avg": {"precision": 0.9947637686621599, "recall": 0.9947282182802594, "f1-score": 0.9947107695885271, "support": 42111}}