{"0": {"precision": 0.9980813507290868, "recall": 0.9994236311239193, "f1-score": 0.9987520399347221, "support": 5205}, "1": {"precision": 0.9919954259576901, "recall": 0.9897318881916715, "f1-score": 0.9908623643632211, "support": 1753}, "2": {"precision": 0.9959770543097668, "recall": 1.0, "f1-score": 0.9979844729770081, "support": 13369}, "3": {"precision": 0.9990393852065321, "recall": 0.9950421849178046, "f1-score": 0.997036778804253, "support": 11497}, "4": {"precision": 0.9966731355697256, "recall": 1.0, "f1-score": 0.9983337961677312, "support": 14380}, "5": {"precision": 1.0, "recall": 0.865909090909091, "f1-score": 0.928136419001218, "support": 440}, "accuracy": 0.9970628591029929, "macro avg": {"precision": 0.9969610586288002, "recall": 0.9750177991904144, "f1-score": 0.9851843118746922, "support": 46644}, "weighted avg": {"precision": 0.9970695942142216, "recall": 0.9970628591029929, "f1-score": 0.9970176736768627, "support": 46644}}