{"0": {"precision": 0.9944359171143515, "recall": 0.9996142719382836, "f1-score": 0.9970183706838512, "support": 5185}, "1": {"precision": 0.9971412235563178, "recall": 0.9808773903262092, "f1-score": 0.9889424440034024, "support": 1778}, "2": {"precision": 0.9983610221262013, "recall": 0.9997016038791495, "f1-score": 0.999030863277173, "support": 13405}, "3": {"precision": 0.9982534276482403, "recall": 0.999038629610208, "f1-score": 0.9986458742847157, "support": 11442}, "4": {"precision": 0.9976434710285556, "recall": 0.9997221836366162, "f1-score": 0.9986817456462915, "support": 14398}, "5": {"precision": 1.0, "recall": 0.8738532110091743, "f1-score": 0.9326805385556916, "support": 436}, "accuracy": 0.9976417116885344, "macro avg": {"precision": 0.9976391769122778, "recall": 0.9754678817332735, "f1-score": 0.9858333060751875, "support": 46644}, "weighted avg": {"precision": 0.9976456402183149, "recall": 0.9976417116885344, "f1-score": 0.9976001891316274, "support": 46644}}