{"0": {"precision": 0.9961627014581734, "recall": 0.9986535872283131, "f1-score": 0.9974065891845164, "support": 5199}, "1": {"precision": 0.9948542024013722, "recall": 0.9841628959276018, "f1-score": 0.9894796701734432, "support": 1768}, "2": {"precision": 0.9972435372122477, "recall": 1.0, "f1-score": 0.998619866462755, "support": 13386}, "3": {"precision": 0.9992140424417082, "recall": 0.9965162863612611, "f1-score": 0.9978633410369337, "support": 11482}, "4": {"precision": 0.997782090379817, "recall": 1.0, "f1-score": 0.9988898140438524, "support": 14396}, "5": {"precision": 1.0, "recall": 0.9225181598062954, "f1-score": 0.9596977329974811, "support": 413}, "accuracy": 0.9977060286424835, "macro avg": {"precision": 0.997542762315553, "recall": 0.983641821553912, "f1-score": 0.9903261689831635, "support": 46644}, "weighted avg": {"precision": 0.997708187811366, "recall": 0.9977060286424835, "f1-score": 0.9976906409183759, "support": 46644}}