{"0": {"precision": 0.9998081350729087, "recall": 0.9998081350729087, "f1-score": 0.9998081350729087, "support": 5212}, "1": {"precision": 0.9959977129788451, "recall": 0.9988532110091743, "f1-score": 0.9974234182651017, "support": 1744}, "2": {"precision": 0.9992550100573643, "recall": 0.9997018707609748, "f1-score": 0.999478390461997, "support": 13417}, "3": {"precision": 0.9982534276482403, "recall": 0.9999125262421273, "f1-score": 0.9990822881615172, "support": 11432}, "4": {"precision": 0.998267258109232, "recall": 0.9997223571874783, "f1-score": 0.9989942777874111, "support": 14407}, "5": {"precision": 1.0, "recall": 0.8819444444444444, "f1-score": 0.9372693726937269, "support": 432}, "accuracy": 0.9986493439670697, "macro avg": {"precision": 0.9985969239777651, "recall": 0.979990424119518, "f1-score": 0.9886759804071105, "support": 46644}, "weighted avg": {"precision": 0.998651360385669, "recall": 0.9986493439670697, "f1-score": 0.9986156344574294, "support": 46644}}