{"0": {"precision": 0.995998666222074, "recall": 0.9994980759578384, "f1-score": 0.9977453027139874, "support": 5977}, "1": {"precision": 1.0, "recall": 0.9873693379790941, "f1-score": 0.9936445321060705, "support": 2296}, "2": {"precision": 0.997113676731794, "recall": 1.0, "f1-score": 0.9985547526403558, "support": 13473}, "3": {"precision": 0.9986645893612286, "recall": 0.9956729168978142, "f1-score": 0.9971665092505139, "support": 9013}, "4": {"precision": 0.9977385798281321, "recall": 0.9998187092095722, "f1-score": 0.9987775614614932, "support": 11032}, "5": {"precision": 1.0, "recall": 0.915625, "f1-score": 0.9559543230016314, "support": 320}, "accuracy": 0.9976253235496664, "macro avg": {"precision": 0.9982525853572047, "recall": 0.9829973400073865, "f1-score": 0.9903071635290086, "support": 42111}, "weighted avg": {"precision": 0.9976303709528034, "recall": 0.9976253235496664, "f1-score": 0.997609671858639, "support": 42111}}