{"0": {"precision": 0.9986569455103607, "recall": 0.9986569455103607, "f1-score": 0.9986569455103607, "support": 5212}, "1": {"precision": 0.9977129788450543, "recall": 0.9869909502262444, "f1-score": 0.9923230025589992, "support": 1768}, "2": {"precision": 0.9982865231319377, "recall": 0.9995524392063255, "f1-score": 0.9989190800998919, "support": 13406}, "3": {"precision": 0.9981660990306523, "recall": 1.0, "f1-score": 0.9990822079454569, "support": 11430}, "4": {"precision": 0.997782090379817, "recall": 0.9997222222222222, "f1-score": 0.9987512140974054, "support": 14400}, "5": {"precision": 1.0, "recall": 0.8901869158878505, "f1-score": 0.9419035846724352, "support": 428}, "accuracy": 0.9981348083354772, "macro avg": {"precision": 0.998434106149637, "recall": 0.9791849121755005, "f1-score": 0.9882726724807581, "support": 46644}, "weighted avg": {"precision": 0.9981366582860502, "recall": 0.9981348083354772, "f1-score": 0.9981047532459154, "support": 46644}}