{"0": {"precision": 0.999424405218726, "recall": 1.0, "f1-score": 0.9997121197581806, "support": 5209}, "1": {"precision": 0.9971412235563178, "recall": 0.9971412235563178, "f1-score": 0.9971412235563178, "support": 1749}, "2": {"precision": 0.9995530060344185, "recall": 1.0, "f1-score": 0.9997764530551416, "support": 13417}, "3": {"precision": 0.999912671382412, "recall": 0.9995635093845482, "f1-score": 0.9997380598969702, "support": 11455}, "4": {"precision": 0.9993069032436929, "recall": 0.9999306470629031, "f1-score": 0.9996186778521164, "support": 14419}, "5": {"precision": 1.0, "recall": 0.9645569620253165, "f1-score": 0.981958762886598, "support": 395}, "accuracy": 0.9994640253837578, "macro avg": {"precision": 0.9992230349059278, "recall": 0.9935320570048476, "f1-score": 0.9963242161675541, "support": 46644}, "weighted avg": {"precision": 0.9994642461475105, "recall": 0.9994640253837578, "f1-score": 0.9994613670755267, "support": 46644}}