{"0": {"precision": 0.9955871066768994, "recall": 0.9980765531833045, "f1-score": 0.9968302756699643, "support": 5199}, "1": {"precision": 1.0, "recall": 0.9781879194630873, "f1-score": 0.9889737065309585, "support": 1788}, "2": {"precision": 0.9985100201147284, "recall": 0.999031007751938, "f1-score": 0.9987704459927718, "support": 13416}, "3": {"precision": 0.9970308270020085, "recall": 1.0, "f1-score": 0.9985132062270421, "support": 11417}, "4": {"precision": 0.9980593290823399, "recall": 0.9986130374479889, "f1-score": 0.9983361064891847, "support": 14420}, "5": {"precision": 0.9973753280839895, "recall": 0.9405940594059405, "f1-score": 0.9681528662420381, "support": 404}, "accuracy": 0.9977274676271332, "macro avg": {"precision": 0.9977604351599942, "recall": 0.9857504295420432, "f1-score": 0.9915961011919933, "support": 46644}, "weighted avg": {"precision": 0.9977301240731413, "recall": 0.9977274676271332, "f1-score": 0.9977162246581445, "support": 46644}}