{"0": {"precision": 0.9989996665555185, "recall": 0.9994995829858215, "f1-score": 0.9992495622446427, "support": 5995}, "1": {"precision": 0.9991177767975298, "recall": 0.9956043956043956, "f1-score": 0.9973579920739761, "support": 2275}, "2": {"precision": 0.9974097098875074, "recall": 1.0, "f1-score": 0.9987031753677424, "support": 13477}, "3": {"precision": 0.9988871578010238, "recall": 0.9939098660170523, "f1-score": 0.9963922961647332, "support": 9031}, "4": {"precision": 0.9973767526006332, "recall": 1.0, "f1-score": 0.9986866536841629, "support": 11026}, "5": {"precision": 1.0, "recall": 0.9543973941368078, "f1-score": 0.9766666666666667, "support": 307}, "accuracy": 0.9980527653107264, "macro avg": {"precision": 0.9986318439403687, "recall": 0.9905685397906795, "f1-score": 0.9945093910336539, "support": 42111}, "weighted avg": {"precision": 0.9980554391879622, "recall": 0.9980527653107264, "f1-score": 0.9980477259838985, "support": 42111}}