{"0": {"precision": 0.9989996665555185, "recall": 0.9996663329996663, "f1-score": 0.9993328885923951, "support": 5994}, "1": {"precision": 0.9995588883987648, "recall": 0.9942957437472576, "f1-score": 0.9969203695556533, "support": 2279}, "2": {"precision": 0.9965216104203671, "recall": 1.0, "f1-score": 0.9982577751417875, "support": 13465}, "3": {"precision": 0.9986645893612286, "recall": 0.993468393667663, "f1-score": 0.9960597147455463, "support": 9033}, "4": {"precision": 0.9966530981456354, "recall": 1.0, "f1-score": 0.9983237439405609, "support": 11018}, "5": {"precision": 1.0, "recall": 0.9099378881987578, "f1-score": 0.9528455284552845, "support": 322}, "accuracy": 0.9975540832561564, "macro avg": {"precision": 0.9983996421469191, "recall": 0.9828947264355574, "f1-score": 0.9902900034052046, "support": 42111}, "weighted avg": {"precision": 0.9975593850389066, "recall": 0.9975540832561564, "f1-score": 0.9975369493225176, "support": 42111}}