{"0": {"precision": 0.9996665555185061, "recall": 0.9994999166527755, "f1-score": 0.9995832291406185, "support": 5999}, "1": {"precision": 0.9986766651962946, "recall": 0.9973568281938326, "f1-score": 0.9980163103372274, "support": 2270}, "2": {"precision": 0.9977057430432208, "recall": 1.0, "f1-score": 0.9988515541066202, "support": 13481}, "3": {"precision": 0.9991097262408191, "recall": 0.9958957293399889, "f1-score": 0.9975001388811733, "support": 9015}, "4": {"precision": 0.9969244685662596, "recall": 0.9999092723643622, "f1-score": 0.9984146396702451, "support": 11022}, "5": {"precision": 1.0, "recall": 0.904320987654321, "f1-score": 0.9497568881685575, "support": 324}, "accuracy": 0.9981477523687398, "macro avg": {"precision": 0.9986805264275168, "recall": 0.98283045570088, "f1-score": 0.9903537933840737, "support": 42111}, "weighted avg": {"precision": 0.9981511361191866, "recall": 0.9981477523687398, "f1-score": 0.998129366655203, "support": 42111}}