{"0": {"precision": 0.9927091327705295, "recall": 0.995, "f1-score": 0.993853246254322, "support": 5200}, "1": {"precision": 0.9897084048027445, "recall": 0.9531938325991189, "f1-score": 0.9711079943899019, "support": 1816}, "2": {"precision": 0.9969455412351933, "recall": 0.9984331866000149, "f1-score": 0.9976888093640498, "support": 13403}, "3": {"precision": 0.9965941839140686, "recall": 0.9920890202555855, "f1-score": 0.9943364990851268, "support": 11503}, "4": {"precision": 0.989672858331023, "recall": 0.9986013007902651, "f1-score": 0.9941170327566401, "support": 14299}, "5": {"precision": 1.0, "recall": 0.900709219858156, "f1-score": 0.9477611940298507, "support": 423}, "accuracy": 0.9938898893748392, "macro avg": {"precision": 0.9942716868422599, "recall": 0.9730044266838567, "f1-score": 0.9831441293133151, "support": 46644}, "weighted avg": {"precision": 0.9939030559459451, "recall": 0.9938898893748392, "f1-score": 0.9938518843941115, "support": 46644}}