{"0": {"precision": 0.9992325402916347, "recall": 0.9925671812464265, "f1-score": 0.9958887082895114, "support": 5247}, "1": {"precision": 0.9965694682675815, "recall": 0.9808666291502532, "f1-score": 0.9886557005104936, "support": 1777}, "2": {"precision": 0.9946360724130224, "recall": 1.0, "f1-score": 0.997310823933667, "support": 13351}, "3": {"precision": 0.9987773993537682, "recall": 0.9959073493556252, "f1-score": 0.9973403095705253, "support": 11484}, "4": {"precision": 0.9961879678403105, "recall": 1.0, "f1-score": 0.9980903440852749, "support": 14373}, "5": {"precision": 1.0, "recall": 0.9247572815533981, "f1-score": 0.960907944514502, "support": 412}, "accuracy": 0.9967627133178972, "macro avg": {"precision": 0.997567241361053, "recall": 0.9823497402176171, "f1-score": 0.989698971817329, "support": 46644}, "weighted avg": {"precision": 0.9967719878817302, "recall": 0.9967627133178972, "f1-score": 0.9967470359816086, "support": 46644}}