{"0": {"precision": 0.9990406753645433, "recall": 0.9978919126101955, "f1-score": 0.9984659635666348, "support": 5218}, "1": {"precision": 0.9977129788450543, "recall": 0.9869909502262444, "f1-score": 0.9923230025589992, "support": 1768}, "2": {"precision": 0.9981375251434106, "recall": 0.9997015370840173, "f1-score": 0.9989189189189188, "support": 13402}, "3": {"precision": 0.9991267138241202, "recall": 0.9995631661715884, "f1-score": 0.9993448923439753, "support": 11446}, "4": {"precision": 0.998267258109232, "recall": 0.9993755203996669, "f1-score": 0.9988210818307905, "support": 14412}, "5": {"precision": 0.9973753280839895, "recall": 0.9547738693467337, "f1-score": 0.9756097560975611, "support": 398}, "accuracy": 0.998499271074522, "macro avg": {"precision": 0.9982767465617249, "recall": 0.9897161593064077, "f1-score": 0.9939139358861465, "support": 46644}, "weighted avg": {"precision": 0.9984987859853526, "recall": 0.998499271074522, "f1-score": 0.9984936448376573, "support": 46644}}