{"0": {"precision": 0.9976658886295432, "recall": 1.0, "f1-score": 0.9988315807043898, "support": 5984}, "1": {"precision": 0.9982355535950596, "recall": 0.9934152765583846, "f1-score": 0.9958195819581959, "support": 2278}, "2": {"precision": 0.9990378922439314, "recall": 0.9991857883049593, "f1-score": 0.9991118348012731, "support": 13510}, "3": {"precision": 0.9963276207433786, "recall": 1.0, "f1-score": 0.9981604325770668, "support": 8953}, "4": {"precision": 0.9996381727725011, "recall": 0.9986444966564251, "f1-score": 0.9991410876542651, "support": 11066}, "5": {"precision": 1.0, "recall": 0.915625, "f1-score": 0.9559543230016314, "support": 320}, "accuracy": 0.9983852200137732, "macro avg": {"precision": 0.9984841879974024, "recall": 0.9844784269199615, "f1-score": 0.9911698067828038, "support": 42111}, "weighted avg": {"precision": 0.9983883641157943, "recall": 0.9983852200137732, "f1-score": 0.9983713777161819, "support": 42111}}