{"0": {"precision": 0.9996665555185061, "recall": 0.9998332499583125, "f1-score": 0.9997498957899124, "support": 5997}, "1": {"precision": 0.9986766651962946, "recall": 0.9973568281938326, "f1-score": 0.9980163103372274, "support": 2270}, "2": {"precision": 0.9987418590882179, "recall": 0.9999259039715471, "f1-score": 0.9993335308056872, "support": 13496}, "3": {"precision": 0.9997774315602047, "recall": 0.9989992216168131, "f1-score": 0.9993881750931642, "support": 8993}, "4": {"precision": 0.9988240615106286, "recall": 0.99990944489722, "f1-score": 0.999366458503032, "support": 11043}, "5": {"precision": 1.0, "recall": 0.9391025641025641, "f1-score": 0.968595041322314, "support": 312}, "accuracy": 0.9991213697133765, "macro avg": {"precision": 0.9992810954789754, "recall": 0.9891878687900482, "f1-score": 0.9940749019752229, "support": 42111}, "weighted avg": {"precision": 0.9991220594851097, "recall": 0.9991213697133765, "f1-score": 0.9991143832733854, "support": 42111}}