{"0": {"precision": 0.9959708365310821, "recall": 0.9946349875455068, "f1-score": 0.9953024638097977, "support": 5219}, "1": {"precision": 0.9994282447112636, "recall": 0.9792717086834734, "f1-score": 0.989247311827957, "support": 1785}, "2": {"precision": 0.9974670341950383, "recall": 0.9989554577333433, "f1-score": 0.9982106911205547, "support": 13403}, "3": {"precision": 0.9972928128547726, "recall": 1.0, "f1-score": 0.9986445717283896, "support": 11420}, "4": {"precision": 0.9973662323260327, "recall": 0.999097410261751, "f1-score": 0.9982310707224863, "support": 14403}, "5": {"precision": 0.9973753280839895, "recall": 0.9178743961352657, "f1-score": 0.9559748427672955, "support": 414}, "accuracy": 0.9972986879341394, "macro avg": {"precision": 0.9974834147836965, "recall": 0.9816389933932234, "f1-score": 0.9892684919960802, "support": 46644}, "weighted avg": {"precision": 0.9973000819998616, "recall": 0.9972986879341394, "f1-score": 0.9972799204396037, "support": 46644}}