{"0": {"precision": 0.9989996665555185, "recall": 1.0, "f1-score": 0.9994995829858215, "support": 5992}, "1": {"precision": 0.9982355535950596, "recall": 0.998676081200353, "f1-score": 0.9984557688065299, "support": 2266}, "2": {"precision": 0.9988898756660746, "recall": 0.9993336294980009, "f1-score": 0.9991117033089052, "support": 13506}, "3": {"precision": 0.9981081682617405, "recall": 1.0, "f1-score": 0.9990531885268727, "support": 8969}, "4": {"precision": 0.9992763455450022, "recall": 0.9989149109322724, "f1-score": 0.9990955955503301, "support": 11059}, "5": {"precision": 1.0, "recall": 0.9184952978056427, "f1-score": 0.9575163398692811, "support": 319}, "accuracy": 0.9988126617748332, "macro avg": {"precision": 0.998918268270566, "recall": 0.9859033199060447, "f1-score": 0.99212202984129, "support": 42111}, "weighted avg": {"precision": 0.998813699359189, "recall": 0.9988126617748332, "f1-score": 0.9987998121574799, "support": 42111}}