{"0": {"precision": 0.9984650805832693, "recall": 0.9988483685220729, "f1-score": 0.9986566877758587, "support": 5210}, "1": {"precision": 0.9988564894225271, "recall": 0.9898016997167138, "f1-score": 0.9943084803642572, "support": 1765}, "2": {"precision": 0.9976160321835655, "recall": 1.0, "f1-score": 0.9988065935705229, "support": 13391}, "3": {"precision": 0.999912671382412, "recall": 0.9966922005571031, "f1-score": 0.9982998387026462, "support": 11488}, "4": {"precision": 0.9971583032991406, "recall": 0.9999304976369197, "f1-score": 0.9985424764019989, "support": 14388}, "5": {"precision": 1.0, "recall": 0.9477611940298507, "f1-score": 0.9731800766283525, "support": 402}, "accuracy": 0.9981991252894263, "macro avg": {"precision": 0.9986680961451525, "recall": 0.9888389934104432, "f1-score": 0.9936323589072728, "support": 46644}, "weighted avg": {"precision": 0.9982028020184568, "recall": 0.9981991252894263, "f1-score": 0.998192500513476, "support": 46644}}