{"0": {"precision": 0.9941647215738579, "recall": 0.9966571953869297, "f1-score": 0.9954093982138386, "support": 5983}, "1": {"precision": 0.9982355535950596, "recall": 0.9633886760323542, "f1-score": 0.9805025996533796, "support": 2349}, "2": {"precision": 0.993413262285376, "recall": 0.9999255065554231, "f1-score": 0.9966587466587468, "support": 13424}, "3": {"precision": 0.9977743156020477, "recall": 0.9976632914209413, "f1-score": 0.9977188004228564, "support": 8987}, "4": {"precision": 0.9957485300768882, "recall": 0.9976436469095523, "f1-score": 0.9966951876499615, "support": 11034}, "5": {"precision": 1.0, "recall": 0.8772455089820359, "f1-score": 0.9346092503987241, "support": 334}, "accuracy": 0.9953693809218493, "macro avg": {"precision": 0.9965560638555382, "recall": 0.9720873042145394, "f1-score": 0.9835989971662511, "support": 42111}, "weighted avg": {"precision": 0.9953838553507174, "recall": 0.9953693809218493, "f1-score": 0.9953236707940741, "support": 42111}}