{
    "0": {
        "precision": 0.9944981660553518,
        "recall": 0.9979923038313535,
        "f1-score": 0.9962421711899792,
        "support": 5977
    },
    "1": {
        "precision": 0.9951477723864137,
        "recall": 0.9808695652173913,
        "f1-score": 0.9879570834245676,
        "support": 2300
    },
    "2": {
        "precision": 0.9942273534635879,
        "recall": 0.9981425068727245,
        "f1-score": 0.9961810833858589,
        "support": 13459
    },
    "3": {
        "precision": 0.9971066102826619,
        "recall": 0.9989965436503512,
        "f1-score": 0.9980506822612085,
        "support": 8969
    },
    "4": {
        "precision": 0.99520578923564,
        "recall": 0.9950257755268156,
        "f1-score": 0.9951157742402315,
        "support": 11057
    },
    "5": {
        "precision": 1,
        "recall": 0.839541547277937,
        "f1-score": 0.912772585669782,
        "support": 349
    },
    "accuracy": 0.9952269003348294,
    "macro avg": {
        "precision": 0.9960309485706093,
        "recall": 0.9684280403960955,
        "f1-score": 0.9810532300286047,
        "support": 42111
    },
    "weighted avg": {
        "precision": 0.9952340472672623,
        "recall": 0.9952269003348294,
        "f1-score": 0.995167800996012,
        "support": 42111
    }
}