{
    "0": {
        "precision": 1,
        "recall": 1,
        "f1-score": 1,
        "support": 13
    },
    "1": {
        "precision": 1,
        "recall": 1,
        "f1-score": 1,
        "support": 15
    },
    "2": {
        "precision": 1,
        "recall": 1,
        "f1-score": 1,
        "support": 10
    },
    "3": {
        "precision": 0.9090909090909091,
        "recall": 1,
        "f1-score": 0.9523809523809523,
        "support": 10
    },
    "4": {
        "precision": 1,
        "recall": 1,
        "f1-score": 1,
        "support": 17
    },
    "5": {
        "precision": 1,
        "recall": 0.9565217391304348,
        "f1-score": 0.9777777777777777,
        "support": 23
    },
    "accuracy": 0.9886363636363636,
    "macro avg": {
        "precision": 0.9848484848484849,
        "recall": 0.9927536231884058,
        "f1-score": 0.9883597883597884,
        "support": 88
    },
    "weighted avg": {
        "precision": 0.9896694214876033,
        "recall": 0.9886363636363636,
        "f1-score": 0.9887806637806636,
        "support": 88
    }
}