{"0": {"precision": 0.43143883372068453, "recall": 1.0, "f1-score": 0.6028044280442805, "support": 10210}, "1": {"precision": 0.8923315481916467, "recall": 0.8464650041540117, "f1-score": 0.8687933348244241, "support": 73423}, "2": {"precision": 0.6770352655865809, "recall": 0.9057951421747555, "f1-score": 0.7748843484965304, "support": 44382}, "3": {"precision": 0.9984107077215819, "recall": 0.9987400433684643, "f1-score": 0.9985753483908466, "support": 184927}, "4": {"precision": 1.0, "recall": 0.770358696453587, "f1-score": 0.8702854376311228, "support": 108504}, "5": {"precision": 0.9777252119061699, "recall": 0.9952844386475369, "f1-score": 0.9864266892059863, "support": 9967}, "accuracy": 0.9057724268856061, "macro avg": {"precision": 0.8294902611877774, "recall": 0.9194405541330593, "f1-score": 0.8502949310988651, "support": 431413}, "weighted avg": {"precision": 0.9337987335716005, "recall": 0.9057724268856061, "f1-score": 0.9115619436040088, "support": 431413}}