{"0": {"precision": 0.9986569455103607, "recall": 0.9984653750239785, "f1-score": 0.9985611510791366, "support": 5213}, "1": {"precision": 0.9925671812464265, "recall": 0.9891737891737892, "f1-score": 0.9908675799086758, "support": 1755}, "2": {"precision": 0.996647545258139, "recall": 1.0, "f1-score": 0.9983209581732025, "support": 13378}, "3": {"precision": 0.9995633569120601, "recall": 0.9979075850043592, "f1-score": 0.9987347846952576, "support": 11470}, "4": {"precision": 0.9974355420016634, "recall": 1.0, "f1-score": 0.9987161247787918, "support": 14391}, "5": {"precision": 1.0, "recall": 0.8718535469107551, "f1-score": 0.9315403422982885, "support": 437}, "accuracy": 0.9977060286424835, "macro avg": {"precision": 0.9974784284881082, "recall": 0.9762333826854803, "f1-score": 0.9861234901555588, "support": 46644}, "weighted avg": {"precision": 0.9977101344057894, "recall": 0.9977060286424835, "f1-score": 0.9976653915506156, "support": 46644}}