{"0": {"precision": 1.0, "recall": 0.9999154941479698, "f1-score": 0.9999577452885997, "support": 23667}, "1": {"precision": 0.9999569268761935, "recall": 1.0, "f1-score": 0.9999784629742632, "support": 69646}, "2": {"precision": 0.9999663174913268, "recall": 0.9999831584620308, "f1-score": 0.9999747379057724, "support": 59377}, "3": {"precision": 0.9999729712197548, "recall": 1.0, "f1-score": 0.9999864854272361, "support": 184983}, "4": {"precision": 0.9999521456685848, "recall": 0.9999401828013591, "f1-score": 0.9999461641991925, "support": 83588}, "5": {"precision": 1.0, "recall": 0.9994089834515366, "f1-score": 0.9997044043748153, "support": 10152}, "accuracy": 0.9999675484976114, "macro avg": {"precision": 0.9999747268759767, "recall": 0.9998746364771495, "f1-score": 0.9999246666949798, "support": 431413}, "weighted avg": {"precision": 0.9999675490775463, "recall": 0.9999675484976114, "f1-score": 0.9999675464642084, "support": 431413}}