{"0": {"precision": 0.8181818181818182, "recall": 1.0, "f1-score": 0.9, "support": 9}, "1": {"precision": 1.0, "recall": 0.8461538461538461, "f1-score": 0.9166666666666666, "support": 13}, "2": {"precision": 1.0, "recall": 1.0, "f1-score": 1.0, "support": 10}, "3": {"precision": 1.0, "recall": 1.0, "f1-score": 1.0, "support": 19}, "4": {"precision": 1.0, "recall": 1.0, "f1-score": 1.0, "support": 14}, "5": {"precision": 1.0, "recall": 1.0, "f1-score": 1.0, "support": 23}, "accuracy": 0.9772727272727273, "macro avg": {"precision": 0.9696969696969697, "recall": 0.9743589743589745, "f1-score": 0.9694444444444444, "support": 88}, "weighted avg": {"precision": 0.981404958677686, "recall": 0.9772727272727273, "f1-score": 0.9774621212121212, "support": 88}}