{"0": {"precision": 0.9338066001534919, "recall": 0.9739843906343806, "f1-score": 0.953472426290528, "support": 4997}, "1": {"precision": 0.9325328759291024, "recall": 0.8191863385233551, "f1-score": 0.872192513368984, "support": 1991}, "2": {"precision": 0.9984355211204649, "recall": 0.9996270604907884, "f1-score": 0.9990309355199404, "support": 13407}, "3": {"precision": 0.9978167845603004, "recall": 1.0, "f1-score": 0.9989071993705468, "support": 11426}, "4": {"precision": 0.9974355420016634, "recall": 0.999375, "f1-score": 0.9984043291244622, "support": 14400}, "5": {"precision": 1.0, "recall": 0.900709219858156, "f1-score": 0.9477611940298507, "support": 423}, "accuracy": 0.9882943143812709, "macro avg": {"precision": 0.9766712206275038, "recall": 0.9488136682511134, "f1-score": 0.9616280996173853, "support": 46644}, "weighted avg": {"precision": 0.988252636004928, "recall": 0.9882943143812709, "f1-score": 0.9880474175731501, "support": 46644}}