{"0": {"precision": 1.0, "recall": 1.0, "f1-score": 1.0, "support": 16}, "1": {"precision": 1.0, "recall": 1.0, "f1-score": 1.0, "support": 8}, "2": {"precision": 0.9333333333333333, "recall": 1.0, "f1-score": 0.9655172413793104, "support": 14}, "3": {"precision": 1.0, "recall": 0.9444444444444444, "f1-score": 0.9714285714285714, "support": 18}, "4": {"precision": 1.0, "recall": 1.0, "f1-score": 1.0, "support": 17}, "5": {"precision": 1.0, "recall": 1.0, "f1-score": 1.0, "support": 15}, "accuracy": 0.9886363636363636, "macro avg": {"precision": 0.9888888888888889, "recall": 0.9907407407407408, "f1-score": 0.9894909688013137, "support": 88}, "weighted avg": {"precision": 0.9893939393939394, "recall": 0.9886363636363636, "f1-score": 0.9886699507389163, "support": 88}}