{"0": {"precision": 0.9989315201554152, "recall": 0.9964794418784922, "f1-score": 0.997703974387996, "support": 30961}, "1": {"precision": 0.9997143945163747, "recall": 0.9914086102719033, "f1-score": 0.995544178991278, "support": 10592}, "2": {"precision": 0.9975668113062168, "recall": 1.0, "f1-score": 0.9987819237484267, "support": 73797}, "3": {"precision": 0.9986705260677864, "recall": 0.9995788977226789, "f1-score": 0.9991245054297501, "support": 59368}, "4": {"precision": 0.9981763524198949, "recall": 0.9998858268278411, "f1-score": 0.9990303583396313, "support": 70069}, "5": {"precision": 0.9994629430719656, "recall": 0.9069200779727096, "f1-score": 0.950945324476239, "support": 2052}, "accuracy": 0.9982822811630253, "macro avg": {"precision": 0.9987537579229423, "recall": 0.9823788091122708, "f1-score": 0.9901883775622201, "support": 246839}, "weighted avg": {"precision": 0.9982843887096438, "recall": 0.9982822811630253, "f1-score": 0.9982630295230625, "support": 246839}}