{
    "0": {
        "precision": 0.9996665555185061,
        "recall": 0.9975045749459325,
        "f1-score": 0.9985843950370555,
        "support": 6011
    },
    "1": {
        "precision": 0.9982355535950596,
        "recall": 0.9982355535950596,
        "f1-score": 0.9982355535950596,
        "support": 2267
    },
    "2": {
        "precision": 0.9956335109532267,
        "recall": 1,
        "f1-score": 0.9978119784906361,
        "support": 13453
    },
    "3": {
        "precision": 0.9988871578010238,
        "recall": 0.9943502824858758,
        "f1-score": 0.9966135568755898,
        "support": 9027
    },
    "4": {
        "precision": 0.997105382180009,
        "recall": 0.9999092888243831,
        "f1-score": 0.9985053670909008,
        "support": 11024
    },
    "5": {
        "precision": 1,
        "recall": 0.8905775075987842,
        "f1-score": 0.9421221864951768,
        "support": 329
    },
    "accuracy": 0.997459096198143,
    "macro avg": {
        "precision": 0.9982546933413041,
        "recall": 0.9800962012416724,
        "f1-score": 0.9886455062640698,
        "support": 42111
    },
    "weighted avg": {
        "precision": 0.9974661583599952,
        "recall": 0.997459096198143,
        "f1-score": 0.9974345726599991,
        "support": 42111
    }
}