{"0": {"precision": 0.9973582247270165, "recall": 1.0, "f1-score": 0.9986773653117009, "support": 5663}, "1": {"precision": 0.9989462592202318, "recall": 0.9968454258675079, "f1-score": 0.9978947368421053, "support": 1902}, "2": {"precision": 0.9970792548152826, "recall": 0.9993670385315294, "f1-score": 0.9982218358556922, "support": 12639}, "3": {"precision": 0.9988818486768543, "recall": 0.9964059982649647, "f1-score": 0.9976423873929768, "support": 8069}, "4": {"precision": 0.9965123038170897, "recall": 0.9997084264748761, "f1-score": 0.9981078065110864, "support": 10289}, "5": {"precision": 1.0, "recall": 0.8601583113456465, "f1-score": 0.9248226950354611, "support": 379}, "accuracy": 0.9974576924064611, "macro avg": {"precision": 0.9981296485427458, "recall": 0.9754142000807541, "f1-score": 0.9858944711581704, "support": 38941}, "weighted avg": {"precision": 0.9974631582194577, "recall": 0.9974576924064611, "f1-score": 0.9974075380472736, "support": 38941}}