{"0": {"precision": 0.9950982463553771, "recall": 0.3226464986915478, "f1-score": 0.48729462401191914, "support": 72987}, "1": {"precision": 0.2822868957199673, "recall": 0.9999491404740107, "f1-score": 0.4402817122190996, "support": 19662}, "2": {"precision": 0.02426824749907373, "recall": 0.9896978021978022, "f1-score": 0.047374823289607786, "support": 1456}, "3": {"precision": 0.9928103444547755, "recall": 0.9967599251037964, "f1-score": 0.9947812145389351, "support": 184255}, "4": {"precision": 0.9951068946127987, "recall": 0.5885499586066357, "f1-score": 0.7396427078794562, "support": 141327}, "5": {"precision": 1.0, "recall": 0.8652566945249872, "f1-score": 0.9277615215801024, "support": 11726}, "accuracy": 0.7455338619837604, "macro avg": {"precision": 0.7149284381069987, "recall": 0.7938100032664632, "f1-score": 0.6061894339198534, "support": 431413}, "weighted avg": {"precision": 0.9584936877915181, "recall": 0.7455338619837604, "f1-score": 0.7950520701845314, "support": 431413}}