{"0": {"precision": 1.0, "recall": 0.9473684210526315, "f1-score": 0.972972972972973, "support": 19}, "1": {"precision": 0.9230769230769231, "recall": 1.0, "f1-score": 0.9600000000000001, "support": 12}, "2": {"precision": 1.0, "recall": 1.0, "f1-score": 1.0, "support": 13}, "3": {"precision": 1.0, "recall": 1.0, "f1-score": 1.0, "support": 18}, "4": {"precision": 1.0, "recall": 1.0, "f1-score": 1.0, "support": 15}, "5": {"precision": 1.0, "recall": 1.0, "f1-score": 1.0, "support": 11}, "accuracy": 0.9886363636363636, "macro avg": {"precision": 0.9871794871794872, "recall": 0.9912280701754387, "f1-score": 0.9888288288288288, "support": 88}, "weighted avg": {"precision": 0.9895104895104896, "recall": 0.9886363636363636, "f1-score": 0.9887100737100738, "support": 88}}