{"0": {"precision": 0.43148109021762093, "recall": 1.0, "f1-score": 0.6028456724524737, "support": 10211}, "1": {"precision": 0.8923602636075177, "recall": 0.8464691862444671, "f1-score": 0.8688091477137705, "support": 73425}, "2": {"precision": 0.6768331705345414, "recall": 0.9054227589158989, "f1-score": 0.7746157182094155, "support": 44387}, "3": {"precision": 0.9980377105541981, "recall": 0.9987395730777137, "f1-score": 0.998388518464442, "support": 184858}, "4": {"precision": 1.0, "recall": 0.7701031877648793, "f1-score": 0.8701223669760106, "support": 108540}, "5": {"precision": 0.9798935541099941, "recall": 0.994995996797438, "f1-score": 0.9873870294964743, "support": 9992}, "accuracy": 0.9056426208760515, "macro avg": {"precision": 0.8297676315039788, "recall": 0.9192884504667328, "f1-score": 0.8503614088854311, "support": 431413}, "weighted avg": {"precision": 0.9336676252185395, "recall": 0.9056426208760515, "f1-score": 0.9114236111871036, "support": 431413}}