{"0": {"precision": 1.0, "recall": 0.9996198361071217, "f1-score": 0.9998098819155452, "support": 23674}, "1": {"precision": 0.9998851383365159, "recall": 0.9999856408489131, "f1-score": 0.9999353870673625, "support": 69642}, "2": {"precision": 0.9998821112196437, "recall": 1.0, "f1-score": 0.9999410521351759, "support": 59371}, "3": {"precision": 0.999994594243951, "recall": 0.9999621609349493, "f1-score": 0.9999783773264644, "support": 184994}, "4": {"precision": 0.9998684005886083, "recall": 0.9999760702577233, "f1-score": 0.9999222325247509, "support": 83578}, "5": {"precision": 1.0, "recall": 0.9992121331494977, "f1-score": 0.9996059113300493, "support": 10154}, "accuracy": 0.999937414959679, "macro avg": {"precision": 0.9999383740647865, "recall": 0.9997926402163674, "f1-score": 0.9998654737165581, "support": 431413}, "weighted avg": {"precision": 0.9999374214064325, "recall": 0.999937414959679, "f1-score": 0.9999374109859052, "support": 431413}}