{"0": {"precision": 0.9985910531877422, "recall": 0.9984152139461173, "f1-score": 0.9985031258254821, "support": 5679}, "1": {"precision": 0.9994731296101159, "recall": 0.9900835073068893, "f1-score": 0.9947561615102255, "support": 1916}, "2": {"precision": 0.9982633407009789, "recall": 0.9988941548183254, "f1-score": 0.9985786481364498, "support": 12660}, "3": {"precision": 0.9959001118151323, "recall": 1.0, "f1-score": 0.9979458450046685, "support": 8016}, "4": {"precision": 0.9980623910094942, "recall": 0.9992240543161979, "f1-score": 0.9986428848390848, "support": 10310}, "5": {"precision": 1.0, "recall": 0.9055555555555556, "f1-score": 0.9504373177842567, "support": 360}, "accuracy": 0.9978428905266943, "macro avg": {"precision": 0.9983816710539105, "recall": 0.9820287476571808, "f1-score": 0.9898106638500278, "support": 38941}, "weighted avg": {"precision": 0.9978470390662425, "recall": 0.9978428905266943, "f1-score": 0.997821247864068, "support": 38941}}