{"0": {"precision": 0.9560439560439561, "recall": 0.9456521739130435, "f1-score": 0.9508196721311475, "support": 92}, "1": {"precision": 0.9390243902439024, "recall": 0.9506172839506173, "f1-score": 0.9447852760736196, "support": 81}, "2": {"precision": 1.0, "recall": 1.0, "f1-score": 1.0, "support": 88}, "3": {"precision": 1.0, "recall": 1.0, "f1-score": 1.0, "support": 88}, "4": {"precision": 1.0, "recall": 1.0, "f1-score": 1.0, "support": 106}, "5": {"precision": 1.0, "recall": 1.0, "f1-score": 1.0, "support": 104}, "accuracy": 0.9838998211091234, "macro avg": {"precision": 0.9825113910479765, "recall": 0.9827115763106101, "f1-score": 0.9826008247007945, "support": 559}, "weighted avg": {"precision": 0.9839302675595708, "recall": 0.9838998211091234, "f1-score": 0.9839052186011249, "support": 559}}