{"0": {"precision": 0.9936615254595395, "recall": 0.34247971920012815, "f1-score": 0.5093906375235577, "support": 68661}, "1": {"precision": 0.3422590417665724, "recall": 1.0, "f1-score": 0.5099746488816628, "support": 23838}, "2": {"precision": 0.02441981878810334, "recall": 0.9863945578231292, "f1-score": 0.04765974230870366, "support": 1470}, "3": {"precision": 0.9997026834173027, "recall": 0.9967177242888403, "f1-score": 0.9982079723639111, "support": 185542}, "4": {"precision": 0.9969971407036979, "recall": 0.5881447919092686, "f1-score": 0.73984375, "support": 141693}, "5": {"precision": 1.0, "recall": 0.9938289744343226, "f1-score": 0.9969049373618275, "support": 10209}, "accuracy": 0.7584796934723803, "macro avg": {"precision": 0.7261733683558692, "recall": 0.8179276279426149, "f1-score": 0.6336636147399438, "support": 431413}, "weighted avg": {"precision": 0.9582089860879709, "recall": 0.7584796934723803, "f1-score": 0.8053064989855696, "support": 431413}}